{
    "run_id": "126112cc-8626-4892-b398-deeb0c3cf268",
    "generated_at": "2026-01-13T15:54:39.594458",
    "team_or_user": "Sarah (AI Program Lead)",
    "app_version": "1.0.0",
    "inputs_hash": null,
    "outputs_hash": null,
    "artifacts": [
        {
            "name": "model_inventory.csv",
            "path": "output_artifacts/export_20260113_154722_c120faba/model_inventory.csv",
            "sha256": "d108c9e2e9bc79552ed68420efc6aedb8f8896cb8412fde85561d6107393347d"
        },
        {
            "name": "risk_tiering.json",
            "path": "output_artifacts/export_20260113_154722_c120faba/risk_tiering.json",
            "sha256": "51586bb333ed8371ed2c540aaeaa6520010050dfc4f2feb9ac7fbcc8d9d0b1f8"
        },
        {
            "name": "lifecycle_risk_map.json",
            "path": "output_artifacts/export_20260113_154722_c120faba/lifecycle_risk_map.json",
            "sha256": "7ccb65ca8404e9304908a9b6010abc9d028f848780eb23980ed083784411b05f"
        },
        {
            "name": "case1_executive_summary.md",
            "path": "output_artifacts/export_20260113_154722_c120faba/case1_executive_summary.md",
            "sha256": "50ca9dfd85c64c95d86d85819ad1deef1bb9eaf536ddc07c8a7d3a39782b8730"
        }
    ]
}