[
    {
        "risk_id": "deb11f2d-1f19-49ba-8e01-15edf541ae29",
        "system_id": "d0dea84a-5cae-4db0-92f3-48632516cebe",
        "lifecycle_phase": "DESIGN",
        "risk_category": "BIAS_FAIRNESS",
        "risk_statement": "Bias in historical training data leads to unfair lending decisions for certain demographics.",
        "impact": 5,
        "likelihood": 4,
        "severity": 20,
        "mitigation": "Implement fairness metrics, re-balance training data, and conduct adversarial testing.",
        "owner_role": "Data Scientist Lead",
        "evidence_links": [],
        "created_at": "2026-01-13T15:45:22.653406"
    },
    {
        "risk_id": "d9d421be-8870-4d87-9111-2248345039a9",
        "system_id": "d0dea84a-5cae-4db0-92f3-48632516cebe",
        "lifecycle_phase": "MONITORING",
        "risk_category": "OPERATIONAL_RELIABILITY",
        "risk_statement": "Data drift leads to degradation of model performance in production over time.",
        "impact": 5,
        "likelihood": 4,
        "severity": 20,
        "mitigation": "Implement continuous monitoring of input data and model predictions, with alerts for drift.",
        "owner_role": "Model Operations",
        "evidence_links": [],
        "created_at": "2026-01-13T15:45:22.653432"
    },
    {
        "risk_id": "06984d55-2eeb-4a50-8760-beae574f5b04",
        "system_id": "e873212c-f1cd-47ad-823f-b2cfab2dec28",
        "lifecycle_phase": "DEPLOYMENT",
        "risk_category": "REPUTATIONAL",
        "risk_statement": "LLM generates incorrect or misleading information, damaging customer trust.",
        "impact": 4,
        "likelihood": 4,
        "severity": 16,
        "mitigation": "Implement human-in-the-loop review, strict prompt engineering, and guardrails for output generation.",
        "owner_role": "Product Manager",
        "evidence_links": [],
        "created_at": "2026-01-13T15:45:22.653446"
    },
    {
        "risk_id": "f1ff917b-9aba-4cc7-8b94-70b308be7b58",
        "system_id": "d0dea84a-5cae-4db0-92f3-48632516cebe",
        "lifecycle_phase": "DEPLOYMENT",
        "risk_category": "LEGAL_REGULATORY",
        "risk_statement": "Inability to explain model decisions to regulators or customers, leading to compliance issues.",
        "impact": 5,
        "likelihood": 3,
        "severity": 15,
        "mitigation": "Develop XAI (Explainable AI) tools and documentation for model interpretations.",
        "owner_role": "Compliance Officer",
        "evidence_links": [],
        "created_at": "2026-01-13T15:45:22.653436"
    },
    {
        "risk_id": "f98f4faf-17b0-4179-8a6a-675588d1ebce",
        "system_id": "d0dea84a-5cae-4db0-92f3-48632516cebe",
        "lifecycle_phase": "DEVELOPMENT",
        "risk_category": "PERFORMANCE_ROBUSTNESS",
        "risk_statement": "Model overfits to training data, leading to poor generalization on new applicants.",
        "impact": 4,
        "likelihood": 3,
        "severity": 12,
        "mitigation": "Utilize regularization techniques, cross-validation, and hold-out test sets.",
        "owner_role": "ML Engineer",
        "evidence_links": [],
        "created_at": "2026-01-13T15:45:22.653427"
    },
    {
        "risk_id": "111c6458-9c90-47a1-afa1-2c653b93a4ab",
        "system_id": "e873212c-f1cd-47ad-823f-b2cfab2dec28",
        "lifecycle_phase": "TRAINING",
        "risk_category": "DATA_PRIVACY_SECURITY",
        "risk_statement": "LLM ingests sensitive customer information during RAG retrieval and potentially exposes it.",
        "impact": 4,
        "likelihood": 3,
        "severity": 12,
        "mitigation": "Implement strict access controls for RAG sources and data anonymization techniques.",
        "owner_role": "Information Security",
        "evidence_links": [],
        "created_at": "2026-01-13T15:45:22.653442"
    },
    {
        "risk_id": "354c3628-1001-4878-a591-34550e062627",
        "system_id": "e873212c-f1cd-47ad-823f-b2cfab2dec28",
        "lifecycle_phase": "MONITORING",
        "risk_category": "OPERATIONAL_RELIABILITY",
        "risk_statement": "LLM experiences hallucinations or fails to respond due to unforeseen edge cases.",
        "impact": 3,
        "likelihood": 3,
        "severity": 9,
        "mitigation": "Continuously log and review LLM interactions, update knowledge base and fine-tune guardrails.",
        "owner_role": "ML Engineer",
        "evidence_links": [],
        "created_at": "2026-01-13T15:45:22.653449"
    },
    {
        "risk_id": "cef6f996-53d8-4c4f-b90f-d52b3824d520",
        "system_id": "72a1fd9c-dc66-447a-89c2-9a8a92a85d2f",
        "lifecycle_phase": "DESIGN",
        "risk_category": "OPERATIONAL_RELIABILITY",
        "risk_statement": "Agent misunderstands query intent leading to irrelevant or incorrect reports.",
        "impact": 3,
        "likelihood": 2,
        "severity": 6,
        "mitigation": "Implement clear tool descriptions and validation of generated report content.",
        "owner_role": "AI Architect",
        "evidence_links": [],
        "created_at": "2026-01-13T15:45:22.653454"
    },
    {
        "risk_id": "70a718fd-b0c5-4277-8901-7eb3588486e0",
        "system_id": "72a1fd9c-dc66-447a-89c2-9a8a92a85d2f",
        "lifecycle_phase": "DEPLOYMENT",
        "risk_category": "DATA_PRIVACY_SECURITY",
        "risk_statement": "Agent accesses unauthorized internal data sources during report generation.",
        "impact": 3,
        "likelihood": 2,
        "severity": 6,
        "mitigation": "Enforce strict access control policies for agent's service account and data sources.",
        "owner_role": "Information Security",
        "evidence_links": [],
        "created_at": "2026-01-13T15:45:22.653457"
    }
]