system_id,name,description,domain,ai_type,owner_role,deployment_mode,decision_criticality,automation_level,data_sensitivity,external_dependencies,last_updated
d0dea84a-5cae-4db0-92f3-48632516cebe,ML-based Credit Underwriting Model,Automates credit assessment for loan applications.,Retail Banking,ML,Head of Lending Products,REAL_TIME,HIGH,FULLY_AUTOMATED,REGULATED_PII,"[""Credit Bureau API"", ""Fraud Detection Service""]",2026-01-13T15:45:22.650161
e873212c-f1cd-47ad-823f-b2cfab2dec28,LLM-based Customer Support Assistant,Provides initial support to customers by answering FAQs and routing queries.,Customer Service,LLM,Head of Customer Experience,HUMAN_IN_LOOP,MEDIUM,ADVISORY,CONFIDENTIAL,"[""Internal Knowledge Base API""]",2026-01-13T15:45:22.650172
72a1fd9c-dc66-447a-89c2-9a8a92a85d2f,Agentic Internal Report Generator,Automates the generation of internal compliance and operational reports by accessing various internal data sources.,Internal Operations,AGENT,Head of Operations,INTERNAL_ONLY,LOW,FULLY_AUTOMATED,INTERNAL,"[""Internal Reporting DB"", ""Document Management System API""]",2026-01-13T15:45:22.650176
1ed3d34a-9858-4c05-bc1a-e943b2c0b272,sadasdas,ad d asdadsas,dasdsadd a,ML,asdasdsasdsadad,BATCH,LOW,ADVISORY,PUBLIC,[],2026-01-13T15:46:52.686414
