[
    {
        "system_id": "d0dea84a-5cae-4db0-92f3-48632516cebe",
        "risk_tier": "TIER_1",
        "score_breakdown": {
            "decision_criticality_score": 5,
            "data_sensitivity_score": 5,
            "automation_level_score": 5,
            "ai_type_score": 3,
            "deployment_mode_score": 4,
            "external_dependencies_score": 2,
            "total_score": 24
        },
        "justification": "The AI system 'ML-based Credit Underwriting Model' scored 24 points, placing it in TIER_1 based on its characteristics.",
        "required_controls": [
            "Independent validation",
            "Full documentation pack",
            "Robustness & security testing",
            "Bias & interpretability assessment",
            "Monitoring dashboards",
            "Formal change control & rollback",
            "Incident response plan"
        ],
        "computed_at": "2026-01-13T15:54:27.630626",
        "scoring_version": "1.0"
    },
    {
        "system_id": "e873212c-f1cd-47ad-823f-b2cfab2dec28",
        "risk_tier": "TIER_2",
        "score_breakdown": {
            "decision_criticality_score": 3,
            "data_sensitivity_score": 4,
            "automation_level_score": 1,
            "ai_type_score": 4,
            "deployment_mode_score": 3,
            "external_dependencies_score": 2,
            "total_score": 17
        },
        "justification": "The AI system 'LLM-based Customer Support Assistant' scored 17 points, placing it in TIER_2 based on its characteristics.",
        "required_controls": [
            "Peer validation",
            "Standard documentation",
            "Basic robustness & security tests",
            "Periodic monitoring"
        ],
        "computed_at": "2026-01-13T15:54:27.630642",
        "scoring_version": "1.0"
    },
    {
        "system_id": "72a1fd9c-dc66-447a-89c2-9a8a92a85d2f",
        "risk_tier": "TIER_2",
        "score_breakdown": {
            "decision_criticality_score": 1,
            "data_sensitivity_score": 2,
            "automation_level_score": 5,
            "ai_type_score": 5,
            "deployment_mode_score": 1,
            "external_dependencies_score": 2,
            "total_score": 16
        },
        "justification": "The AI system 'Agentic Internal Report Generator' scored 16 points, placing it in TIER_2 based on its characteristics.",
        "required_controls": [
            "Peer validation",
            "Standard documentation",
            "Basic robustness & security tests",
            "Periodic monitoring"
        ],
        "computed_at": "2026-01-13T15:54:27.630651",
        "scoring_version": "1.0"
    },
    {
        "system_id": "1ed3d34a-9858-4c05-bc1a-e943b2c0b272",
        "risk_tier": "TIER_3",
        "score_breakdown": {
            "decision_criticality_score": 1,
            "data_sensitivity_score": 1,
            "automation_level_score": 1,
            "ai_type_score": 3,
            "deployment_mode_score": 2,
            "external_dependencies_score": 0,
            "total_score": 8
        },
        "justification": "The AI system 'sadasdas' scored 8 points, placing it in TIER_3 based on its characteristics.",
        "required_controls": [
            "Basic documentation",
            "Basic testing",
            "Periodic review"
        ],
        "computed_at": "2026-01-13T15:54:27.630658",
        "scoring_version": "1.0"
    }
]